rowId,city_name,town_name,latitude,longitude,households,population,e_stat_code
15,桑名市,相生町,35.066836,136.692547,8,18,242050150
64,桑名市,相川町,35.057849,136.686072,46,111,242050590
134,桑名市,青葉町一丁目,35.067778,136.672669,39,88,24205103001
135,桑名市,青葉町二丁目,35.068509,136.672734,47,109,24205103002
56,桑名市,赤須賀（南部）,35.059146,136.703072,231,490,24205056001
57,桑名市,赤須賀（北部）,35.061537,136.703086,121,243,24205056002
197,桑名市,赤尾,35.051082,136.628686,156,385,242051360
207,桑名市,赤尾台一丁目,35.051312,136.624447,130,352,24205141001
213,桑名市,赤尾台七丁目,35.048588,136.627503,95,321,24205141007
209,桑名市,赤尾台三丁目,35.048693,136.624400,129,309,24205141003
215,桑名市,赤尾台九丁目,35.051399,136.627098,110,260,24205141009
208,桑名市,赤尾台二丁目,35.050049,136.622873,99,287,24205141002
211,桑名市,赤尾台五丁目,35.047075,136.623440,143,373,24205141005
214,桑名市,赤尾台八丁目,35.050135,136.627660,142,387,24205141008
212,桑名市,赤尾台六丁目,35.046943,136.626669,102,316,24205141006
210,桑名市,赤尾台四丁目,35.047570,136.621635,137,325,24205141004
19,桑名市,油町,35.064469,136.694237,18,42,242050190
29,桑名市,伊賀町,35.059702,136.699645,114,277,242050290
217,桑名市,和泉,35.042867,136.684985,970,2163,242051430
37,桑名市,一色町,35.059434,136.689809,176,386,242050370
46,桑名市,今片町,35.067415,136.691580,16,51,242050460
49,桑名市,今北町,35.068570,136.691197,86,145,242050490
195,桑名市,今島,35.112347,136.660011,89,276,242051300
48,桑名市,今中町,35.068034,136.690432,43,109,242050480
25,桑名市,入江葭町,35.061297,136.692218,32,75,242050250
75,桑名市,上野,35.060626,136.670641,360,831,242050680
27,桑名市,内堀,35.061928,136.695830,166,435,242050270
73,桑名市,馬道,35.059146,136.681100,78,171,242050660
124,桑名市,梅園通,35.066654,136.673708,88,168,242050970
96,桑名市,駅元町,35.068349,136.685613,137,316,242050820
4,桑名市,江戸町,35.066093,136.696146,12,26,242050040
61,桑名市,江場（西部）,35.054387,136.681417,324,670,24205057004
62,桑名市,江場（中野）,35.046594,136.688687,547,1100,24205057005
59,桑名市,江場（北東部）,35.055808,136.695012,101,291,24205057002
60,桑名市,江場（北部）,35.055334,136.686314,229,538,24205057003
58,桑名市,江場（宮乃島）,35.053681,136.691749,773,1745,24205057001
219,桑名市,大貝須,35.040079,136.696844,119,313,242051450
170,桑名市,大仲新田,35.078672,136.609549,481,1071,242051200
247,桑名市,大山田一丁目,35.079504,136.640301,24,50,24205158001
253,桑名市,大山田七丁目,35.080467,136.635765,131,317,24205158007
249,桑名市,大山田三丁目,35.083351,136.638937,106,252,24205158003
248,桑名市,大山田二丁目,35.080398,136.640078,93,227,24205158002
251,桑名市,大山田五丁目,35.083507,136.634109,167,416,24205158005
254,桑名市,大山田八丁目,35.078935,136.637209,360,774,24205158008
252,桑名市,大山田六丁目,35.081220,136.637266,190,469,24205158006
250,桑名市,大山田四丁目,35.084755,136.633963,207,459,24205158004
123,桑名市,尾野山,35.065858,136.678805,56,144,242050960
130,桑名市,神楽町一丁目,35.063225,136.669833,99,244,24205101001
131,桑名市,神楽町二丁目,35.061955,136.670749,76,165,24205101002
65,桑名市,掛樋,35.057967,136.688212,26,73,242050600
24,桑名市,鍛冶町,35.061183,136.691344,32,83,242050240
9,桑名市,春日町,35.067912,136.694700,27,55,242050090
128,桑名市,霞町一丁目,35.064296,136.671257,65,148,24205100001
129,桑名市,霞町二丁目,35.063732,136.670355,55,121,24205100002
3,桑名市,片町,35.064614,136.696048,24,63,242050030
122,桑名市,上之輪,35.085596,136.683078,30,58,242050950
193,桑名市,上深谷部（西部）,35.105306,136.648570,132,352,24205129001
194,桑名市,上深谷部（東部）,35.106969,136.661597,155,305,24205129002
226,桑名市,萱町（南部）,35.032493,136.694618,27,69,242051510
34,桑名市,萱町（北部）,35.058337,136.691658,66,166,242050340
172,桑名市,嘉例川,35.088467,136.623569,89,262,242051220
5,桑名市,川口町,35.067400,136.696383,34,55,242050050
187,桑名市,川崎町,35.099606,136.665763,23,58,242051283
13,桑名市,北魚町,35.066303,136.694962,17,45,242050130
185,桑名市,北川原台,35.100081,136.663205,8,15,242051281
45,桑名市,北寺町,35.066145,136.691911,27,63,242050450
41,桑名市,北鍋屋町,35.059263,136.688494,13,27,242050410
107,桑名市,北別所（南部）,35.071520,136.674257,533,1244,24205087001
108,桑名市,北別所（北部）,35.081133,136.670200,76,173,24205087002
87,桑名市,京橋町,35.063571,136.692174,18,85,242050750
22,桑名市,京町,35.063554,136.693946,38,91,242050220
336,桑名市,清竹の丘,35.074023,136.669154,18,64,242052190
78,桑名市,桑名（南西部）,35.064887,136.681828,40,99,24205070003
77,桑名市,桑名（北西部）,35.069169,136.685811,346,796,24205070002
76,桑名市,桑名（北東部）,35.071618,136.691279,137,323,24205070001
148,桑名市,桑部（西部）,35.050391,136.646600,324,774,24205108002
147,桑名市,桑部（東部）,35.047364,136.651036,414,1121,24205108001
218,桑名市,小泉,35.039274,136.686024,174,407,242051440
220,桑名市,小貝須,35.050691,136.699587,213,512,24205146001
90,桑名市,寿町一丁目,35.066355,136.687024,54,114,24205078001
92,桑名市,寿町三丁目,35.065570,136.687710,45,107,24205078003
91,桑名市,寿町二丁目,35.065425,136.686789,6,9,24205078002
26,桑名市,紺屋町,35.062312,136.692926,40,87,242050260
171,桑名市,五反田,35.073168,136.613243,476,1298,242051210
196,桑名市,坂井,35.058441,136.629876,108,283,242051350
125,桑名市,桜通,35.065105,136.674489,97,190,242050980
175,桑名市,里町,35.065096,136.624361,121,281,242051260
88,桑名市,三栄町,35.065513,136.690346,53,132,242050760
97,桑名市,参宮通,35.068866,136.688010,179,369,242050830
2,桑名市,三之丸,35.064969,136.697906,109,278,242050020
136,桑名市,汐見町一丁目,35.067006,136.672275,47,104,24205104001
138,桑名市,汐見町三丁目,35.067409,136.669939,13,48,24205104003
137,桑名市,汐見町二丁目,35.067696,136.671885,41,118,24205104002
201,桑名市,志知,35.051460,136.610468,259,670,242051390
199,桑名市,島田（西部）,35.052921,136.619981,184,477,24205138001
200,桑名市,島田（東部）,35.054558,136.623340,38,58,24205138002
7,桑名市,清水町,35.067614,136.693026,29,76,242050070
188,桑名市,下深谷部（山王）,35.096456,136.657808,458,1158,24205128401
190,桑名市,下深谷部（中央部）,35.093526,136.672259,131,297,24205128403
189,桑名市,下深谷部（東部）,35.101307,136.667879,271,641,24205128402
192,桑名市,下深谷部（南西部）,35.095387,136.667396,198,494,24205128405
191,桑名市,下深谷部（北東部）,35.097907,136.666702,85,197,24205128404
20,桑名市,職人町,35.064345,136.694590,26,66,242050200
337,桑名市,城山台,35.051271,136.656523,77,283,242052200
163,桑名市,新倉持,35.060293,136.664295,61,180,242051151
99,桑名市,神成町一丁目,35.073727,136.675917,25,42,24205085101
100,桑名市,神成町二丁目,35.075025,136.675839,101,115,24205085102
43,桑名市,新地,35.056973,136.679611,135,337,242050430
85,桑名市,新築町,35.063277,136.690899,76,147,242050730
139,桑名市,新西方一丁目,35.072493,136.662229,42,96,24205105001
145,桑名市,新西方七丁目,35.068263,136.661458,25,78,24205105007
141,桑名市,新西方三丁目,35.074502,136.655969,270,659,24205105003
140,桑名市,新西方二丁目,35.073541,136.660147,294,660,24205105002
143,桑名市,新西方五丁目,35.070232,136.659263,403,928,24205105005
144,桑名市,新西方六丁目,35.069458,136.661390,216,696,24205105006
142,桑名市,新西方四丁目,35.070669,136.655777,230,588,24205105004
36,桑名市,新町,35.059420,136.691341,59,142,242050360
31,桑名市,新屋敷,35.057184,136.692913,267,530,242050310
71,桑名市,新矢田一丁目,35.059680,136.681611,103,233,24205065001
72,桑名市,新矢田二丁目,35.060771,136.683061,118,309,24205065002
224,桑名市,地蔵,35.054072,136.703258,192,484,242051490
115,桑名市,太夫,35.063803,136.667127,100,272,242050890
68,桑名市,大福（寺跡）,35.051459,136.686001,365,779,24205062002
67,桑名市,大福（北部）,35.054359,136.682874,129,314,24205062001
86,桑名市,常盤町,35.064675,136.690577,78,193,242050740
16,桑名市,殿町,35.066265,136.693230,15,31,242050160
198,桑名市,友村,35.057878,136.624990,208,498,242051370
174,桑名市,中山町,35.068164,136.624166,103,253,242051250
202,桑名市,西正和台一丁目,35.051380,136.631946,69,187,24205140001
204,桑名市,西正和台三丁目,35.049571,136.630967,94,204,24205140003
203,桑名市,西正和台二丁目,35.050047,136.631857,79,205,24205140002
206,桑名市,西正和台五丁目,35.047951,136.631821,73,194,24205140005
205,桑名市,西正和台四丁目,35.048702,136.630696,90,204,24205140004
40,桑名市,西鍋屋町,35.056523,136.687155,65,159,242050400
165,桑名市,西別所（西部）,35.062674,136.657872,595,1405,24205115202
164,桑名市,西別所（東部）,35.061267,136.660907,723,1709,24205115201
54,桑名市,西矢田町,35.057352,136.682753,40,103,242050540
161,桑名市,額田（南部）,35.063522,136.638038,130,311,24205113002
160,桑名市,額田（北部）,35.066838,136.639875,591,1669,24205113001
255,桑名市,野田一丁目,35.078458,136.633709,240,543,24205159001
257,桑名市,野田三丁目,35.081501,136.631021,196,451,24205159003
256,桑名市,野田二丁目,35.079981,136.633044,157,356,24205159002
259,桑名市,野田五丁目,35.081831,136.628597,152,340,24205159005
260,桑名市,野田六丁目,35.077925,136.629660,206,439,24205159006
258,桑名市,野田四丁目,35.084009,136.630058,136,295,24205159004
146,桑名市,能部,35.048533,136.635452,242,593,242051070
117,桑名市,播磨（西部）,35.085281,136.660412,294,644,24205090002
116,桑名市,播磨（東部）,35.077069,136.671234,428,905,24205090001
166,桑名市,稗田,35.056948,136.657467,142,367,242051160
104,桑名市,東方（尾弓田）,35.069070,136.677679,1718,3684,24205085303
105,桑名市,東方（南部）,35.075625,136.671564,228,378,24205085304
103,桑名市,東方（福島前）,35.075156,136.683919,514,955,24205085302
102,桑名市,東方（北部）,35.062624,136.675631,135,368,24205085301
151,桑名市,東正和台一丁目,35.051122,136.633688,57,139,24205111001
157,桑名市,東正和台七丁目,35.048185,136.638134,74,170,24205111007
153,桑名市,東正和台三丁目,35.047459,136.635631,148,317,24205111003
152,桑名市,東正和台二丁目,35.048342,136.633854,87,220,24205111002
155,桑名市,東正和台五丁目,35.050738,136.637790,65,137,24205111005
156,桑名市,東正和台六丁目,35.049435,136.638107,128,303,24205111006
154,桑名市,東正和台四丁目,35.049090,136.635503,106,238,24205111004
42,桑名市,東鍋屋町,35.055522,136.689353,54,184,242050420
53,桑名市,東矢田町,35.056999,136.684764,57,143,242050530
223,桑名市,福江,35.033886,136.694577,49,113,242051480
121,桑名市,福島,35.074939,136.687046,823,1857,242050940
222,桑名市,福地,35.033117,136.697815,105,287,242051470
8,桑名市,宝殿町,35.067453,136.694502,38,94,242050080
69,桑名市,本願寺,35.060077,136.678839,136,283,242050630
12,桑名市,本町,35.066742,136.695452,50,139,242050120
162,桑名市,増田,35.057454,136.647217,111,255,242051140
132,桑名市,松並町一丁目,35.065778,136.675365,104,265,24205102001
133,桑名市,松並町二丁目,35.065962,136.672712,47,121,24205102002
239,桑名市,松ノ木一丁目,35.077345,136.647277,221,532,24205157001
245,桑名市,松ノ木七丁目,35.072524,136.643181,282,753,24205157007
241,桑名市,松ノ木三丁目,35.077229,136.640679,93,227,24205157003
240,桑名市,松ノ木二丁目,35.076131,136.643691,279,699,24205157002
243,桑名市,松ノ木五丁目,35.075290,136.639035,107,267,24205157005
246,桑名市,松ノ木八丁目,35.075033,136.646426,131,356,24205157008
244,桑名市,松ノ木六丁目,35.075307,136.641749,151,387,24205157006
242,桑名市,松ノ木四丁目,35.077198,136.637459,160,375,24205157004
66,桑名市,三ツ矢橋,35.058272,136.682886,119,246,242050610
18,桑名市,南魚町,35.065088,136.693570,48,105,242050180
44,桑名市,南寺町,35.064517,136.692489,33,66,242050440
10,桑名市,宮町,35.067755,136.695384,15,42,242050100
21,桑名市,宮通,35.064556,136.695327,26,65,242050210
216,桑名市,安永,35.049395,136.680478,1078,2438,242051420
70,桑名市,矢田,35.059964,136.677127,903,2072,242050640
39,桑名市,矢田磧,35.058652,136.686380,144,370,242050390
1,桑名市,吉之丸,35.063864,136.698948,160,390,242050010
159,桑名市,蓮花寺（南部）,35.065524,136.648311,490,1175,24205112002
158,桑名市,蓮花寺（北部）,35.067214,136.649952,830,1750,24205112001
14,桑名市,三崎通,35.066952,136.693455,51,90,242050140
80,桑名市,中央町一丁目,35.063775,136.685590,125,237,24205072001
82,桑名市,中央町三丁目,35.062625,136.687505,44,56,24205072003
81,桑名市,中央町二丁目,35.062785,136.683127,125,254,24205072002
84,桑名市,中央町五丁目,35.060548,136.686593,282,610,24205072005
83,桑名市,中央町四丁目,35.062031,136.686730,13,28,24205072004
35,桑名市,伝馬町,35.057175,136.689977,88,182,242050350
52,桑名市,住吉町,35.069984,136.695561,0,0,242050520
28,桑名市,元赤須賀,35.061241,136.700090,167,367,242050280
32,桑名市,八幡町,35.059143,136.693605,63,147,242050320
89,桑名市,八間通,35.066546,136.690375,39,78,242050770
38,桑名市,千代田町,35.059000,136.683914,48,109,242050380
23,桑名市,吉津屋町,35.062996,136.692511,41,113,242050230
47,桑名市,堤原,35.067855,136.689360,61,152,242050470
33,桑名市,外堀,35.059933,136.694058,165,391,242050330
297,桑名市,多度町上之郷,35.135901,136.661743,47,153,242051800
284,桑名市,多度町下野代,35.116503,136.648791,203,525,242051670
285,桑名市,多度町中須,35.129727,136.656643,46,151,242051680
290,桑名市,多度町力尾,35.107176,136.614680,87,259,242051730
288,桑名市,多度町北猪飼,35.122855,136.611629,66,186,242051710
286,桑名市,多度町南之郷,35.128583,136.667087,45,167,242051690
292,桑名市,多度町古野,35.145180,136.598771,174,470,242051750
282,桑名市,多度町多度,35.144839,136.614152,232,632,24205166000
283,桑名市,多度町多度二丁目,35.130009,136.630503,156,457,24205166002
287,桑名市,多度町大鳥居,35.118633,136.659852,93,251,242051700
279,桑名市,多度町小山,35.128738,136.636038,829,2573,242051630
296,桑名市,多度町平古,35.158611,136.649584,48,144,242051790
291,桑名市,多度町御衣野,35.106229,136.633992,158,469,242051740
298,桑名市,多度町御衣野・下野代,35.108561,136.644367,0,0,242051810
280,桑名市,多度町戸津,35.133470,136.644998,250,640,242051640
281,桑名市,多度町柚井,35.142086,136.632597,364,1173,242051650
289,桑名市,多度町猪飼,35.117542,136.615968,73,222,242051720
295,桑名市,多度町福永,35.147133,136.650555,95,343,242051780
293,桑名市,多度町美鹿,35.156162,136.582863,97,264,242051760
278,桑名市,多度町肱江,35.125608,136.648557,63,179,242051620
294,桑名市,多度町香取,35.135056,136.649411,678,1407,242051770
79,桑名市,大央町,35.061452,136.689935,62,279,242050710
50,桑名市,太一丸,35.069700,136.692426,112,264,242050500
228,桑名市,太平町,35.031759,136.705131,24,73,242051530
221,桑名市,小貝須字柳原,35.046792,136.692956,264,637,24205146002
173,桑名市,巖新田,35.063956,136.625429,0,0,242051230
74,桑名市,明正町,35.058853,136.675347,58,125,242050670
169,桑名市,星川,35.068687,136.628352,409,840,242051190
176,桑名市,星見ヶ丘一丁目,35.075986,136.634919,226,573,24205127001
182,桑名市,星見ヶ丘七丁目,35.068417,136.635521,307,715,24205127007
178,桑名市,星見ヶ丘三丁目,35.074883,136.630149,378,837,24205127003
184,桑名市,星見ヶ丘九丁目,35.073599,136.634942,270,707,24205127009
177,桑名市,星見ヶ丘二丁目,35.075534,136.632967,265,727,24205127002
180,桑名市,星見ヶ丘五丁目,35.069526,136.629449,318,837,24205127005
183,桑名市,星見ヶ丘八丁目,35.070841,136.635289,210,610,24205127008
181,桑名市,星見ヶ丘六丁目,35.066919,136.633140,149,358,24205127006
179,桑名市,星見ヶ丘四丁目,35.071356,136.628185,191,483,24205127004
95,桑名市,有楽町,35.067633,136.685516,234,515,242050810
93,桑名市,末広町,35.067217,136.688283,189,415,242050790
51,桑名市,東太一丸,35.072186,136.694059,25,58,242050510
119,桑名市,東汰上,35.086112,136.675730,272,632,242050920
225,桑名市,東野,35.057347,136.697899,283,525,242051500
150,桑名市,東金井,35.048841,136.668461,178,508,242051100
186,桑名市,枇杷島台,35.099666,136.664756,41,97,242051282
30,桑名市,柳原,35.058780,136.695635,176,393,242050300
94,桑名市,桑栄町,35.066504,136.684591,81,170,242050800
168,桑名市,森忠,35.071135,136.620685,616,1535,242051180
17,桑名市,田町,35.065869,136.694061,12,26,242050170
63,桑名市,益生町,35.058275,136.680030,62,110,242050580
229,桑名市,福岡町,35.025454,136.705214,33,102,242051540
101,桑名市,福島新町,35.077497,136.682871,77,191,242050852
55,桑名市,福江町,35.056928,136.681661,62,143,242050550
227,桑名市,立田町,35.042177,136.703046,108,278,242051520
126,桑名市,立花町一丁目,35.064074,136.674025,57,134,24205099001
127,桑名市,立花町二丁目,35.063126,136.673757,51,141,24205099002
230,桑名市,筒尾一丁目,35.078727,136.648917,152,370,24205156001
236,桑名市,筒尾七丁目,35.082219,136.643051,117,289,24205156007
232,桑名市,筒尾三丁目,35.082088,136.651833,216,540,24205156003
238,桑名市,筒尾九丁目,35.079575,136.646007,124,302,24205156009
231,桑名市,筒尾二丁目,35.080058,136.649873,163,409,24205156002
234,桑名市,筒尾五丁目,35.083556,136.644081,214,479,24205156005
237,桑名市,筒尾八丁目,35.079866,136.643463,107,268,24205156008
235,桑名市,筒尾六丁目,35.082006,136.646356,122,251,24205156006
233,桑名市,筒尾四丁目,35.082608,136.648238,195,458,24205156004
6,桑名市,船馬町,35.068921,136.695443,34,86,242050060
167,桑名市,芳ヶ崎,35.070331,136.617319,537,1245,242051170
98,桑名市,蓮見町,35.069782,136.689245,186,504,242050840
261,桑名市,藤が丘一丁目,35.077988,136.654941,67,186,24205160001
267,桑名市,藤が丘七丁目,35.071690,136.647716,212,503,24205160007
263,桑名市,藤が丘三丁目,35.078116,136.652108,138,354,24205160003
269,桑名市,藤が丘九丁目,35.075072,136.653968,82,220,24205160009
262,桑名市,藤が丘二丁目,35.079639,136.653295,150,405,24205160002
265,桑名市,藤が丘五丁目,35.073749,136.650187,154,391,24205160005
268,桑名市,藤が丘八丁目,35.073030,136.651717,95,293,24205160008
266,桑名市,藤が丘六丁目,35.074369,136.647683,72,190,24205160006
264,桑名市,藤が丘四丁目,35.075791,136.650846,109,301,24205160004
120,桑名市,蛎塚新田,35.086258,136.665997,106,286,242050930
106,桑名市,西方,35.072054,136.665274,373,1132,242050860
118,桑名市,西汰上,35.086002,136.670881,87,213,242050910
149,桑名市,西金井,35.047626,136.662124,45,176,242051090
321,桑名市,長島町上坂手,35.119924,136.670864,11,45,242052040
320,桑名市,長島町下坂手,35.112491,136.672080,60,188,242052030
312,桑名市,長島町中川,35.112776,136.690954,40,124,242051950
309,桑名市,長島町出口,35.101948,136.698992,518,1228,242051920
315,桑名市,長島町十日外面,35.085302,136.696950,41,124,242051980
319,桑名市,長島町千倉,35.100844,136.673650,58,174,242052020
302,桑名市,長島町又木,35.093805,136.702102,290,778,242051850
308,桑名市,長島町大倉,35.106287,136.701883,415,1046,242051910
316,桑名市,長島町大島,35.073885,136.705976,71,190,242051990
307,桑名市,長島町小島,35.111721,136.699509,126,377,242051900
313,桑名市,長島町平方,35.101325,136.688699,79,238,242051960
306,桑名市,長島町押付,35.100480,136.704306,620,1483,242051890
324,桑名市,長島町新所,35.124883,136.684325,34,96,242052070
322,桑名市,長島町杉江,35.123232,136.675023,17,48,242052050
305,桑名市,長島町東殿名,35.093583,136.712867,90,251,242051880
318,桑名市,長島町松ケ島,35.087198,136.706345,659,1672,242052010
323,桑名市,長島町松之木,35.128365,136.677082,27,80,242052060
333,桑名市,長島町松蔭,35.040762,136.726700,131,482,242052160
332,桑名市,長島町横満蔵,35.051649,136.725589,152,440,242052150
304,桑名市,長島町殿名,35.092717,136.707669,50,140,242051870
334,桑名市,長島町浦安,35.030317,136.733750,184,187,242052170
303,桑名市,長島町源部外面,35.087408,136.707604,54,147,242051860
331,桑名市,長島町白鶏,35.046169,136.720570,82,230,242052140
330,桑名市,長島町福吉,35.056383,136.717874,528,1618,242052130
329,桑名市,長島町福豊,35.063659,136.715620,151,286,242052120
335,桑名市,長島町老松,35.039289,136.749135,0,0,242052180
327,桑名市,長島町葭ケ須,35.077465,136.710881,204,524,242052100
314,桑名市,長島町西外面,35.094381,136.695421,368,1103,242051970
325,桑名市,長島町西川,35.117342,136.688994,79,232,242052080
328,桑名市,長島町赤地,35.071877,136.712735,33,97,242052110
326,桑名市,長島町鎌ケ地,35.082032,136.711728,35,109,242052090
301,桑名市,長島町長島下町,35.092532,136.699979,54,135,242051840
300,桑名市,長島町長島中町,35.094352,136.699858,66,193,242051830
299,桑名市,長島町長島萱町,35.095672,136.700721,43,105,242051820
310,桑名市,長島町間々,35.108421,136.694111,42,128,242051930
317,桑名市,長島町駒江,35.079092,136.706269,42,112,242052000
311,桑名市,長島町高座,35.109202,136.689517,35,106,242051940
270,桑名市,陽だまりの丘一丁目,35.085971,136.649451,239,687,24205161001
276,桑名市,陽だまりの丘七丁目,35.087209,136.638050,518,1469,24205161007
272,桑名市,陽だまりの丘三丁目,35.091040,136.643977,236,822,24205161003
271,桑名市,陽だまりの丘二丁目,35.086198,136.643605,488,1417,24205161002
274,桑名市,陽だまりの丘五丁目,35.094100,136.636542,188,641,24205161005
277,桑名市,陽だまりの丘八丁目,35.085513,136.635676,367,1211,24205161008
275,桑名市,陽だまりの丘六丁目,35.093576,136.631408,207,627,24205161006
273,桑名市,陽だまりの丘四丁目,35.090214,136.639808,416,1405,24205161004
11,桑名市,風呂町,35.066952,136.695038,8,18,242050110
109,桑名市,高塚町一丁目,35.070012,136.673372,78,180,24205088001
111,桑名市,高塚町三丁目,35.070296,136.671672,78,163,24205088003
110,桑名市,高塚町二丁目,35.072294,136.673714,29,76,24205088002
113,桑名市,高塚町五丁目,35.070628,136.670067,92,203,24205088005
114,桑名市,高塚町六丁目,35.071565,136.669034,67,139,24205088006
112,桑名市,高塚町四丁目,35.072460,136.671460,99,227,24205088004
